decision,step_count,x,z,angle,speed,d,phi,v,tile,d_stop,sigma_stop,duck_threat,hold_steps,duck_x,duck_z,duck_vel,duck_active,crossings,action,wheel_l,wheel_r,r_progress,r_lateral,r_heading,r_time,r_pedestrian,r_stagnation,r_stop_approach,r_steering,r_events,r_total,cumulative_return,terminated,truncated,reason
1,6,0.1624373509744943,0.6203174433658958,-1.5482843738273626,0.031166666879644863,0.01306264902550569,-0.02251195296753331,0.031166666879644863,0,,false,0,0,0.9477,0.8775,0.02,false,0,v=0.17,w=0.09371474813581639,0.16522054374217987,0.17477945983409882,0.031158769766367958,-0.0003412655991270895,-0.00025339401320621585,-0.01,0.0,-2.0,0.0,-0.001951656580404415,0.0,-1.9813875464263697,-1.9813875464263697,false,false,in_progress
2,12,0.16274337016687876,0.6328618049201253,-1.5444813475337638,0.07827805865600632,0.01275662983312123,-0.026314979261131532,0.07827805865600632,0,,false,0,0,0.9477,0.8775,0.02,false,0,v=0.17,w=0.09322500820037623,0.16524553298950195,0.17475447058677673,0.07825095729800868,-0.00032546320939855715,-0.00034623906675689133,-0.01,0.0,0.0,0.0,-0.0019313116535357847,0.0,0.06564794336831746,-1.9157396030580522,false,false,in_progress
3,18,0.1632612170599694,0.6506246491713781,-1.5387957237532541,0.09405556726493565,0.012238782940030585,-0.03200060304164282,0.09405556726493565,0,,false,0,0,0.9477,0.8775,0.02,false,0,v=0.17,w=0.08927495390166064,0.16544698178768158,0.1745530217885971,0.09400741310897727,-0.00029957561570636735,-0.0005120192975143998,-0.01,0.0,0.0,0.0,-0.001771114834581897,0.0,0.0814247033611746,-1.8343148996968777,false,false,in_progress
4,24,0.1639475012765499,0.6701319056708193,-1.5324685346555182,0.09933942290094656,0.011552498723450128,-0.0383277921393796,0.09933942290094656,0,,false,0,0,0.9477,0.8775,0.02,false,0,v=0.17,w=0.08353703473502673,0.16573961079120636,0.17426039278507233,0.09926646605071204,-0.00026692045351063364,-0.0007345098251397442,-0.01,0.0,0.0,0.0,-0.0015507635921915039,0.0,0.08671427217987017,-1.7476006275170075,false,false,in_progress
5,30,0.16478220161995139,0.6902196118453066,-1.5261087150984023,0.10110897582421083,0.010717798380048604,-0.04468761169649331,0.10110897582421083,0,,false,0,0,0.9477,0.8775,0.02,false,0,v=0.17,w=0.07623907216047984,0.1661118119955063,0.1738881915807724,0.10100803618908888,-0.00022974240423074497,-0.0009984913195682829,-0.01,0.0,0.0,0.0,-0.0012916435704116468,0.0,0.08848815889487821,-1.6591124686221292,false,false,in_progress
6,36,0.16575106922450578,0.7104976786927883,-1.520080119430021,0.10170159606879979,0.009748930775494213,-0.050716207364875775,0.10170159606879979,0,,false,0,0,0.9477,0.8775,0.02,false,0,v=0.17,w=0.06899859329762646,0.16648107767105103,0.17351892590522766,0.10157082905083152,-0.0001900833025307564,-0.00128606684473854,-0.01,0.0,0.0,0.0,-0.0010579567638681927,0.0,0.08903672213969403,-1.5700757464824353,false,false,in_progress
7,42,0.1668408829946652,0.7308353964912173,-1.514530220415929,0.10190006383737195,0.008659117005334754,-0.0562661063789676,0.10190006383737195,0,,false,0,0,0.9477,0.8775,0.02,false,0,v=0.17,w=0.06198721812151081,0.1668386608362198,0.1731613427400589,0.10173880496949468,-0.00014996061462415505,-0.001582937363524649,-0.01,0.0,0.0,0.0,-0.000853870030075461,0.0,0.08915203696127041,-1.480923709521165,false,false,in_progress
8,48,0.1680397111632888,0.7511890223827604,-1.5094796922937572,0.10196653065114031,0.007460288836711182,-0.06131663450113906,0.10196653065114031,0,,false,0,0,0.9477,0.8775,0.02,false,0,v=0.17,w=0.05638736542217105,0.16712424159049988,0.1728757619857788,0.10177490740491994,-0.00011131181905431496,-0.0018798648332731386,-0.01,0.0,0.0,0.0,-0.0007065633147433914,0.0,0.0890771674378491,-1.3918465420833157,false,false,in_progress
9,54,0.16933693370015784,0.7715440008317295,-1.5049164829915245,0.10198879062438192,0.006163066299842174,-0.06587984380337172,0.10198879062438192,0,,false,0,0,0.9477,0.8775,0.02,false,0,v=0.17,w=0.04808916103937659,0.16754744946956635,0.17245255410671234,0.10176754714138848,-7.596677243250061e-5,-0.0021700769097783277,-0.01,0.0,0.0,0.0,-0.0005139038789418768,0.0,0.08900759958023578,-1.30283894250308,false,false,in_progress
10,60,0.17072161279117673,0.7918956941747192,-1.5009005557426616,0.10199624576725347,0.004778387208823259,-0.0698957710522357,0.10199624576725347,0,,false,0,0,0.9477,0.8775,0.02,false,0,v=0.17,w=0.041716703566349836,0.16787244379520416,0.17212755978107452,0.10174719999423985,-4.566596863489148e-5,-0.0024427094054932747,-0.01,0.0,0.0,0.0,-0.00038672961096017675,0.0,0.08887209500915151,-1.2139668474939285,false,false,in_progress
11,66,0.17218291743102726,0.8122428607605249,-1.4973726252925859,0.10199874268812009,0.003317082568972729,-0.07342370150231112,0.10199874268812009,0,,false,0,0,0.9477,0.8775,0.02,false,0,v=0.17,w=0.03565656231063871,0.16818152368068695,0.17181847989559174,0.1017239265355299,-2.200607353876544e-5,-0.0026955199711502418,-0.01,0.0,0.0,0.0,-0.00028253123374238296,0.0,0.08872386925709852,-1.1252429782368298,false,false,in_progress
12,72,0.1737113796064435,0.8325853728534373,-1.494300549022879,0.10199957910658004,0.0017886203935565115,-0.07649577777201844,0.10199957910658004,0,,false,0,0,0.9477,0.8775,0.02,false,0,v=0.17,w=0.02987454437899087,0.168476402759552,0.17152360081672668,0.10170129402957964,-6.3983258244925e-6,-0.0029258020084730147,-0.01,0.0,0.0,0.0,-0.00019833075877831452,0.0,0.08857076293650382,-1.036672215300326,false,false,in_progress
13,78,0.1752977573100114,0.8529235456026649,-1.4916767537172029,0.1019998593868249,0.0002022426899885854,-0.07911957307769342,0.1019998593868249,0,,false,0,0,0.9477,0.8775,0.02,false,0,v=0.17,w=0.024361281052949733,0.1687575727701187,0.17124243080615997,0.10168077108526,-8.180421130763812e-8,-0.0031299534219982345,-0.01,0.0,0.0,0.0,-0.00013188266634073936,0.0,0.08841885319270973,-0.9482533621076163,false,false,in_progress
14,84,0.17693306413930313,0.8732578755757137,-1.4894860575064743,0.10199995338184188,-0.0014330641393031363,-0.08131026928842218,0.10199995338184188,1,,false,0,0,0.9477,0.8775,0.02,false,0,v=0.17,w=0.019131268375732185,0.1690243035554886,0.1709757000207901,0.10166295990828611,-4.107345654713277e-6,-0.0033056799458778654,-0.01,0.0,0.0,0.0,-8.133454783479377e-5,0.0,0.08827183806891874,-0.8599815240386977,false,false,in_progress
15,90,0.17860867149185777,0.8935889361764048,-1.4877095824759978,0.10199998495835688,-0.003108671491857784,-0.08308674431889822,0.10199998495835688,1,,false,0,0,0.9477,0.8775,0.02,false,0,v=0.17,w=0.014193335018252028,0.1692761480808258,0.17072385549545288,0.10164811374486177,-1.93276768885786e-5,-0.0034517035407569826,-0.01,0.0,0.0,0.0,0.0,0.0,0.08817708252721622,-0.7718044415114814,false,false,in_progress
16,96,0.18031636149359584,0.913917331717993,-1.4863264788536306,0.1019999956029941,-0.00481636149359585,-0.08446984794126543,0.1019999956029941,1,,false,0,0,0.9477,0.8775,0.02,false,0,v=0.17,w=0.009553532228044935,0.1695127785205841,0.17048722505569458,0.1016363190208143,-4.639467607398569e-5,-0.0035675776056102518,-0.01,0.0,0.0,0.0,0.0,0.0,0.08802234673913008,-0.6837820947723513,false,false,in_progress
17,102,0.18204835593862603,0.9342436728600355,-1.4853147749925555,0.10199999921340527,-0.006548355938626044,-0.08548155180234161,0.10199999921340527,1,,false,0,0,0.9477,0.8775,0.02,false,0,v=0.17,w=0.005216173984980887,0.16973397135734558,0.1702660322189331,0.10162756420338971,-8.576193099787795e-5,-0.003653547849268206,-0.01,0.0,0.0,0.0,0.0,0.0,0.08788825442312363,-0.5958938403492277,false,false,in_progress
18,108,0.18379733299745887,0.9545685606708763,-1.4846518293271187,0.10200000044765106,-0.008297332997458884,-0.08614449746777747,0.10200000044765106,1,,false,0,0,0.9477,0.8775,0.02,false,0,v=0.17,w=0.0011841732062306209,0.16993960738182068,0.170060396194458,0.10162176983631652,-0.00013769146974144006,-0.0037104372219879593,-0.01,0.0,0.0,0.0,0.0,0.0,0.08777364114458713,-0.5081201992046405,false,false,in_progress
19,114,0.18555643695757526,0.9748925749214422,-1.4843146035079438,0.10200000086927714,-0.010056436957575271,-0.08648172328695249,0.10200000086927714,1,,false,0,0,0.9477,0.8775,0.02,false,0,v=0.17,w=-0.002540915604770055,0.17012958228588104,0.16987042129039764,0.10161880502642054,-0.00020226384856337156,-0.00373954423134051,-0.01,0.0,0.0,0.0,0.0,0.0,0.08767699694651666,-0.4204432022581238,false,false,in_progress
20,120,0.1873192839811911,0.9952162649931987,-1.4842798106652828,0.10200000100525546,-0.011819283981191114,-0.08651651612961321,0.10200000100525546,1,,false,0,0,0.9477,0.8775,0.02,false,0,v=0.17,w=-0.005958958286747134,0.17030391097068787,0.16969609260559082,0.10161849857041946,-0.0002793909476560818,-0.0037425537816028116,-0.01,0.0,0.0,0.0,0.0,0.0,0.08759655384116058,-0.3328466484169632,false,false,in_progress
21,126,0.18907996506366279,1.0155401427854744,-1.484524061447113,0.10200000103517297,-0.013579965063662797,-0.08627226534778326,0.10200000103517297,1,,false,0,0,0.9477,0.8775,0.02,false,0,v=0.17,w=-0.00907136394403305,0.17046263813972473,0.16953736543655396,0.10162064831720972,-0.00036883090226060423,-0.003721451884119162,-0.01,0.0,0.0,0.0,0.0,0.0,0.08753036553082996,-0.24531628288613325,false,false,in_progress
22,132,0.1908330465690379,1.0358646773501126,-1.485023971304903,0.10200000102199637,-0.015333046569037917,-0.08577235548999408,0.10200000102199637,1,,false,0,0,0.9477,0.8775,0.02,false,0,v=0.17,w=-0.011881160616009705,0.17060594260692596,0.16939406096935272,0.10162502924327103,-0.00047020463417657085,-0.003678448483150959,-0.01,0.0,0.0,0.0,0.0,0.0,0.0874763761259435,-0.15783990676018975,false,false,in_progress
23,138,0.19257355816592595,1.0561902919644885,-1.4857598489543167,0.10200000098660437,-0.017073558165925956,-0.08503647784057941,0.10200000098660437,1,,false,0,0,0.9477,0.8775,0.02,false,0,v=0.17,w=-0.015120850778855124,0.17077116668224335,0.16922883689403534,0.10163143183247363,-0.0005830127768905138,-0.0036156012817656767,-0.01,0.0,0.0,0.0,0.0,0.0,0.08743281777381744,-0.07040708898637231,false,false,in_progress
24,144,0.1942966934317202,1.076517386714011,-1.486731064160412,0.10200000093805978,-0.01879669343172022,-0.08406526263448467,0.10200000093805978,1,,false,0,0,0.9477,0.8775,0.02,false,0,v=0.17,w=-0.017314544554327623,0.17088304460048676,0.16911695897579193,0.10163979775096066,-0.000706631367932148,-0.0035334841909024427,-0.01,0.0,0.0,0.0,0.0,0.0,0.08739968219212609,0.016992593205753775,false,false,in_progress
25,150,0.19599798222957893,1.0968463212051138,-1.4879046073402817,0.10200000088607959,-0.020497982229578937,-0.08289171945461463,0.10200000088607959,1,,false,0,0,0.9477,0.8775,0.02,false,0,v=0.17,w=-0.01953425148192908,0.17099624872207642,0.16900375485420227,0.10164977858962056,-0.0008403345509682677,-0.0034355185770712686,-0.01,0.0,0.0,0.0,0.0,0.0,0.08737392546158103,0.1043665186673348,false,false,in_progress
26,156,0.19767353363821172,1.1171773928108686,-1.4892600167321173,0.10200000083142156,-0.02217353363821173,-0.0815363100627793,0.10200000083142156,1,,false,0,0,0.9477,0.8775,0.02,false,0,v=0.17,w=-0.021430129097008237,0.1710929423570633,0.1689070612192154,0.10166113196643659,-0.0009833311880098141,-0.003324084929326842,-0.01,0.0,0.0,0.0,0.0,0.0,0.08735371584909993,0.19172023451643472,false,false,in_progress
27,162,0.199319851126191,1.137510852126732,-1.4907777683984864,0.1020000007757523,-0.023819851126191005,-0.08001855839640953,0.1020000007757523,1,,false,0,0,0.9477,0.8775,0.02,false,0,v=0.17,w=-0.02330771001081187,0.17118869721889496,0.16881130635738373,0.10167362352359421,-0.0011347706153478057,-0.0032014848439198013,-0.01,0.0,0.0,0.0,0.0,0.0,0.08733736806432661,0.27905760258076134,false,false,in_progress
28,168,0.2009337571760173,1.157846909258918,-1.4924454651340564,0.10200000072005512,-0.025433757176017313,-0.07835086166083996,0.10200000072005512,1,,false,0,0,0.9477,0.8775,0.02,false,0,v=0.17,w=-0.02483288345804005,0.17126648128032684,0.16873352229595184,0.10168707911508248,-0.0012937520081772243,-0.0030694287614980408,-0.01,0.0,0.0,0.0,0.0,0.0,0.08732389834540723,0.36638150092616856,false,false,in_progress
29,174,0.20251237589122,1.1781857356627379,-1.4942454004544126,0.1020000006668972,-0.02698064264219944,-0.0686268071427518,0.1020000006668972,1,,false,0,0,0.9477,0.8775,0.02,false,0,v=0.17,w=-0.02625962572379923,0.1713392436504364,0.16866075992584229,0.10175990334689992,-0.0014559101547721414,-0.0023548193293042243,-0.01,0.0,0.0,0.0,0.0,0.0,0.08794917386282355,0.45433067478899214,false,false,in_progress
30,180,0.2040532584693802,1.1985274554839078,-1.4961284702181308,0.10200000067812494,-0.028154048217714396,-0.04678707996925853,0.10200000067812494,1,,false,0,0,0.9477,0.8775,0.02,false,0,v=0.17,w=-0.020229734691058637,0.17103171348571777,0.1689682900905609,0.10188838046783066,-0.0015853008620907744,-0.0010945154260248965,-0.01,0.0,0.0,0.0,0.0,0.0,0.089208564179715,0.5435392389687072,false,false,in_progress
31,186,0.20555754237531418,1.218871915235491,-1.4977658939604448,0.1020000008633428,-0.02884138845191654,-0.020098663166099793,0.1020000008633428,1,,false,0,0,0.9477,0.8775,0.02,false,0,v=0.17,w=-0.0026666279725286565,0.1701360046863556,0.1698639988899231,0.10197939978736262,-0.0016636513756686897,-0.00020197813053216828,-0.01,0.0,0.0,0.0,0.0,0.0,0.09011377028116176,0.6336530092498689,false,false,in_progress
32,192,0.2070361318383486,1.239218260303189,-1.4985638792672376,0.10200000106544473,-0.029002600605925907,0.0037876977453759346,0.10200000106544473,1,,false,0,0,0.9477,0.8775,0.02,false,0,v=0.17,w=0.019977667599431256,0.16898113489151,0.17101886868476868,0.10199926938694712,-0.0016823016838137075,-7.173327105162969e-6,-0.01,0.0,0.0,0.0,0.0,0.0,0.09030979437602825,0.7239628036258972,false,false,in_progress
33,198,0.20851138583361029,1.2595648478467614,-1.4980429125245465,0.10200000090897283,-0.0285991976752598,0.032214253194207294,0.10200000090897283,1,,false,0,0,0.9477,0.8775,0.02,false,0,v=0.17,w=0.04119502427079529,0.16789905726909637,0.1721009463071823,0.10194707982179406,-0.001635828215337171,-0.0005188790544302474,-0.01,0.0,0.0,0.0,0.0,0.0,0.08979237255202664,0.8137551761779238,false,false,in_progress
34,204,0.21001242133735046,1.2799095463779548,-1.495995222949821,0.10200000013706596,-0.027593644093322045,0.06607483941806082,0.10200000013706596,1,,false,0,0,0.9477,0.8775,0.02,false,0,v=0.17,w=0.06746428620741515,0.16655932366847992,0.17344067990779877,0.10177742102939151,-0.0015228183886978532,-0.002182942202061262,-0.01,0.0,0.0,0.0,0.0,0.0,0.0880716604386324,0.9018268366165563,false,false,in_progress
35,210,0.21157294953527483,1.3002497590730462,-1.492139882268195,0.10199999836802735,-0.025945922442224684,0.09626487711962319,0.10199999836802735,1,,false,0,0,0.9477,0.8775,0.02,false,0,v=0.17,w=0.10000259946697448,0.16489987075328827,0.17510013282299042,0.101527749980647,-0.001346381782755877,-0.004633463283428075,-0.01,0.0,0.0,0.0,0.0,0.0,0.08554790491446304,0.9873747415310193,false,false,in_progress
36,216,0.21323341491715123,1.3205820393323664,-1.4861308897383056,0.10199999527348305,-0.02361277450202268,0.13233296537146538,0.10199999527348305,1,,false,0,0,0.9477,0.8775,0.02,false,0,v=0.17,w=0.13005118926343753,0.1633673906326294,0.1766326129436493,0.10110818520446702,-0.0011151262393667449,-0.008756006862002728,-0.01,0.0,0.0,0.0,0.0,0.0,0.08123705210309755,1.0686117936341168,false,false,in_progress
37,222,0.21503892442644643,1.3409019256039474,-1.4778374013100142,0.10199999062792599,-0.02073765078626086,0.19998616289859397,0.10199999062792599,1,,false,0,0,0.9477,0.8775,0.02,false,0,v=0.17,w=0.1669758813997901,0.1614842265844345,0.17851577699184418,0.09996706214373728,-0.0008601003202658112,-0.019997232675451483,-0.01,0.0,0.0,0.0,0.0,0.0,0.06910972914801998,1.137721522782137,false,false,in_progress
38,228,0.21703895644791715,1.3612035445986082,-1.466820950701278,0.10199998204752896,-0.01671201503739776,0.20786235417509102,0.10199998204752896,1,,false,0,0,0.9477,0.8775,0.02,false,0,v=0.17,w=0.23777797011100454,0.15787333250045776,0.18212667107582092,0.09980436034542262,-0.0005585828932204176,-0.02160337914160549,-0.01,0.0,0.0,0.0,0.0,0.0,0.06764239831059672,1.2053639210927336,false,false,in_progress
39,234,0.21930124536364629,1.3814775286155268,-1.4520143356922184,0.10199997067839835,-0.01207350935202682,0.2528218643174907,0.10199997067839835,1,,false,0,0,0.9477,0.8775,0.02,false,0,v=0.17,w=0.24745067546890004,0.15738001465797424,0.18261998891830444,0.09875743491461206,-0.0002915392561469582,-0.03195944753848584,-0.01,0.0,0.0,0.0,0.0,0.0,0.056506448119979256,1.261870369212713,false,false,in_progress
40,240,0.22189025584693492,1.4017123164027794,-1.4346438649656814,0.101999960011023,-0.006608219008222868,0.2923877182515144,0.101999960011023,1,,false,0,0,0.9477,0.8775,0.02,false,0,v=0.17,w=0.29693586839571856,0.15485627949237823,0.18514372408390045,0.09767091557537083,-8.733711692127605e-5,-0.04274528889216348,-0.01,0.0,0.0,0.0,0.0,0.0,0.04483828956628608,1.3067086587789989,false,false,in_progress
41,246,0.22486107499747704,1.4218944761964778,-1.4140488473810664,0.10199994295092146,-0.0003051595293886386,0.3321114947435101,0.10199994295092146,1,,false,0,0,0.9477,0.8775,0.02,false,0,v=0.17,w=0.34171680095606843,0.15257243812084198,0.1874275654554367,0.09642626010464993,-1.8624467675339078e-7,-0.055149022470384265,-0.01,0.0,0.0,0.0,0.0,0.0,0.03127705138958891,1.3379857101685877,false,false,in_progress
42,252,0.22828107566477543,1.4420052660953417,-1.390150839706617,0.10199992525120033,0.006824144680622047,0.37968709415008445,0.10199992525120033,1,,false,0,0,0.9477,0.8775,0.02,false,0,v=0.17,w=0.38774861112606085,0.15022481977939606,0.18977518379688263,0.09473555721100801,-9.313790124412437e-5,-0.07208114473206755,-0.01,0.0,0.0,0.0,0.0,0.0,0.012561274577696341,1.350546984746284,false,false,in_progress
43,258,0.23221340778618485,1.4620220378337847,-1.3629134477173113,0.10199990252084239,0.014732619085554328,0.4186470751863969,0.10199990252084239,1,,false,0,0,0.9477,0.8775,0.02,false,0,v=0.17,w=0.44345544777148543,0.14738377928733826,0.19261622428894043,0.09319116785835532,-0.0004341001302400793,-0.08763268678106231,-0.01,0.0,0.0,0.0,0.0,0.0,-0.004875619052947066,1.345671365693337,false,false,in_progress
44,264,0.23672663996557886,1.481915691766781,-1.3318974826406966,0.10199987482815519,0.02334445787097884,0.45567217156450657,0.10199987482815519,1,,false,0,0,0.9477,0.8775,0.02,false,0,v=0.17,w=0.4911956359514491,0.1449490189552307,0.19505098462104797,0.09159236158302965,-0.001089927426579812,-0.10381856396915655,-0.01,0.0,0.0,0.0,0.0,0.0,-0.02331612981270672,1.3223552358806303,false,false,in_progress
45,270,0.24189170311915384,1.501649934059562,-1.2971345534910785,0.10199984457729565,0.032559496694757425,0.4813663100824787,0.10199984457729565,1,,false,0,0,0.9477,0.8775,0.02,false,0,v=0.17,w=0.5383791352207576,0.14254266023635864,0.19745734333992004,0.09040890471303982,-0.0021202416500318393,-0.11585676224121053,-0.01,0.0,0.0,0.0,0.0,0.0,-0.03756809917820255,1.2847871367024277,false,false,in_progress
46,276,0.2477752584708606,1.5211817738049227,-1.25875351215267,0.10199981355994757,0.042259491220044514,0.5037254287663729,0.10199981355994757,1,0.3311185582404272,false,0,0,0.9477,0.8775,0.02,false,0,v=0.17,w=0.5747420411728664,0.14068816602230072,0.19931183755397797,0.08933045858155132,-0.0035717291963540385,-0.12686965379293313,-0.01,0.0,0.0,0.0,0.0,0.0,-0.051110924407735854,1.2336762122946918,false,false,in_progress
47,282,0.2538825846753318,1.5389550213951997,-1.2201547167609534,0.07083325385550325,0.0515249409534074,0.5255837010422467,0.07083325385550325,1,0.3200254454359635,false,0,0,0.9477,0.8775,0.02,false,0,v=0.0,w=0.0,0.0,0.0,0.06127297710953675,-0.005309639080504238,-0.13811911340063288,-0.01,0.0,0.0,0.0,0.0,0.0,-0.09215577537160037,1.1415204369230914,false,false,in_progress
48,288,0.2566489009510188,1.5463033458147395,-1.2006266971072033,0.02372193544006331,0.055457353661950363,0.5231990953295461,0.02372193544006331,1,0.3144884594633874,false,0,0,0.9477,0.8775,0.02,false,0,v=0.0,w=0.0,0.0,0.0,0.020548537671791482,-0.006151036150373278,-0.13686864667682774,-0.01,0.0,0.0,0.0,0.0,0.0,-0.13247114515540953,1.0090492917676819,false,false,in_progress
49,294,0.25760997452219103,1.548751001060678,-1.19235164450764,0.007944429507357768,0.05677581457976408,0.5234662133710882,0.007944429507357768,1,0.31280391553258186,false,0,1,0.9477,0.8775,0.02,false,0,v=0.0,w=0.0,0.0,0.0,0.006880604277128762,-0.006446986242391503,-0.13700843827053283,-0.01,0.0,0.0,0.0,0.0,0.0,-0.14657482023579557,0.8624744715318863,false,false,in_progress
50,300,0.25793673186051724,1.549568778817128,-1.1888450679709668,0.0026605734476055545,0.057214745975264825,0.5199596368344149,0.0026605734476055545,1,0.31204045626900706,false,0,2,0.9477,0.8775,0.02,false,0,v=0.0,w=0.0,0.0,0.0,0.002308950024436276,-0.006547054314028165,-0.13517901196848833,-0.01,0.0,0.0,0.0,0.0,0.0,-0.14941711625808024,0.713057355273806,false,false,in_progress
51,306,0.2580468557697434,1.5498423729310034,-1.187359146418251,0.0008910206692084478,0.0573610950440757,0.518473715281699,0.0008910206692084478,1,0.31178440360921095,true,0,3,0.9477,0.8775,0.02,false,0,v=0.0,w=0.0,0.0,0.0,0.0007739196580669684,-0.006580590449310972,-0.13440749671900418,-0.01,0.0,-2.0,0.0,0.0,15.0,12.84978583248975,13.562843187763557,false,false,in_progress
52,312,0.2586876885108867,1.5514216309509443,-1.1835853686820659,0.03146506212974707,0.05821469053098472,0.5232203868945615,0.03146506212974707,1,0.3108742756902014,true,0,3,0.9477,0.8775,0.02,false,0,v=0.17,w=0.6451670335736034,0.13709647953510284,0.20290352404117584,0.02725549419714307,-0.0067779003872366446,-0.13687978663104733,-0.01,0.0,-2.0,0.0,0.0,0.0,-2.126402192821141,11.436440994942416,false,false,in_progress
53,318,0.2635904851930375,1.5630078024608172,-1.1570742920338817,0.07837789014771687,0.06454546876455627,0.5305443377698995,0.07837789014771687,1,0.3020140046664949,true,0,3,0.9477,0.8775,0.02,false,0,v=0.17,w=0.6516087170895124,0.13676795363426208,0.2032320499420166,0.06760341967608975,-0.008332235076072619,-0.1407386471698506,-0.01,0.0,0.0,0.0,0.0,0.0,-0.09146746256983347,11.344973532372583,false,false,in_progress
54,324,0.27105948219935483,1.5791432731431825,-1.1170725962719241,0.094088833655714,0.0735899534212774,0.5321756625268341,0.094088833655714,1,0.28869634367191793,true,0,3,0.9477,0.8775,0.02,false,0,v=0.17,w=0.6676732887357132,0.13594865798950195,0.20405134558677673,0.08107683340163721,-0.010830962489091555,-0.14160546789293743,-0.01,0.0,0.0,0.0,0.0,0.0,-0.08135959698039177,11.263613935392192,false,false,in_progress
55,330,0.2800174090189912,1.5964879391582811,-1.0707083112538025,0.09935036980700163,0.08357760187546062,0.534589054654374,0.09935036980700163,1,0.27362789424458267,true,0,3,0.9477,0.8775,0.02,false,0,v=0.17,w=0.6818565372157198,0.1352253258228302,0.2047746777534485,0.08548881480624837,-0.013970431070505997,-0.14289272867812863,-0.01,0.0,0.0,0.0,0.0,0.0,-0.08137434494238625,11.182239590449806,false,false,in_progress
56,336,0.2900904871741021,1.6138866136093306,-1.020993905065969,0.10111243221790985,0.09383377268165373,0.5321349309086286,0.10111243221790985,1,0.2574044576481563,true,0,3,0.9477,0.8775,0.02,false,0,v=0.17,w=0.6998038076097753,0.13431000709533691,0.20568999648094177,0.08713119419943062,-0.01760955379134453,-0.14158379234656548,-0.01,0.0,0.0,0.0,0.0,0.0,-0.08206215193847939,11.100177438511325,false,false,in_progress
57,342,0.3011406291348145,1.630914789531466,-0.9691067009303446,0.10170253091835922,0.10407731580866117,0.5257931577987226,0.10170253091835922,1,0.2404276293959942,true,0,3,0.9477,0.8775,0.02,false,0,v=0.17,w=0.7142163221210757,0.1335749626159668,0.2064250409603119,0.08796517632320534,-0.021664175331871583,-0.1382292223939762,-0.01,0.0,0.0,0.0,0.0,0.0,-0.08192822140264243,11.018249217108684,false,false,in_progress
58,348,0.313110619208295,1.6473901596028808,-0.9156575993977303,0.10190014408443757,0.11416595596292002,0.5088785578014418,0.10190014408443757,1,0.22287789403587266,true,0,3,0.9477,0.8775,0.02,false,0,v=0.17,w=0.7258201644500324,0.13298317790031433,0.20701682567596436,0.08898852165818488,-0.026067731001854787,-0.12947869329503764,-0.01,0.0,0.0,0.0,0.0,0.0,-0.07655790263870754,10.941691314469976,false,false,in_progress
59,354,0.32596696267594394,1.6632117037776752,-0.8610736447374239,0.10196631877079163,0.12401318836678972,0.496337626175288,0.10196631877079163,1,0.20490505538897008,true,0,3,0.9477,0.8775,0.02,false,0,v=0.17,w=0.7263371051261411,0.13295680284500122,0.20704320073127747,0.08966229881784897,-0.03075854177779374,-0.12317551957865996,-0.01,0.0,0.0,0.0,0.0,0.0,-0.07427176253860472,10.867419551931372,false,false,in_progress
60,360,0.3396770767544753,1.6783092713778212,-0.8058935779353391,0.10198847758203233,0.13354736029045675,0.47464712836898393,0.10198847758203233,1,0.18659321291260728,true,0,3,0.9477,0.8775,0.02,false,0,v=0.17,w=0.733264270378246,0.13260352611541748,0.2073964774608612,0.09071406423642502,-0.03566979488109813,-0.11264494823446135,-0.01,0.0,0.0,0.0,0.0,0.0,-0.06760067887913446,10.799818873052237,false,false,in_progress
61,366,0.3542043282803076,1.6926257328462535,-0.7502402192391417,0.10199589642140863,0.14271882293918287,0.45729513085566625,0.10199589642140863,1,0.16788396582302173,true,0,3,0.9477,0.8775,0.02,false,0,v=0.17,w=0.7300745805343992,0.13276620209217072,0.20723380148410797,0.09151582211307834,-0.04073732484229166,-0.10455941835215046,-0.01,0.0,0.0,0.0,0.0,0.0,-0.06378092108136378,10.736037951970873,false,false,in_progress
62,372,0.3695072109225511,1.7061111672947167,-0.6944418817888174,0.10199838092996429,0.15121068429793771,0.40149679340534183,0.10199838092996429,1,0.14933879259412575,true,0,3,0.9477,0.8775,0.02,false,0,v=0.17,w=0.7328773435398136,0.13262325525283813,0.20737674832344055,0.09388717221501582,-0.045729342091701174,-0.08059983755738587,-0.01,0.0,0.0,0.0,0.0,0.0,-0.04244200743407123,10.693595944536803,false,false,in_progress
63,378,0.38553907028424594,1.7187217138022697,-0.6387163949532318,0.10199922274626,0.15978659500145803,0.4050367224332659,0.10199922274626,1,0.12980655465524632,true,0,3,0.9477,0.8775,0.02,false,0,v=0.17,w=0.6895567556473409,0.13483260571956635,0.20516739785671234,0.09374625421175031,-0.05106351188431994,-0.08202737325974123,-0.01,0.0,0.0,0.0,0.0,-200.0,-200.04934463093232,-189.35574868639551,true,false,offroad
