solver,family,seed,decisions,return,discounted_return,progress,mean_abs_d,max_abs_d,mean_abs_phi,mean_speed,brake_ratio,offroad,other_collision,duck_collision,timeout,goal,full_stops,stop_violations,passed_stops,stop_zone_decisions,duck_yield_decisions,duck_active_decisions,crossings,reason
dpw@1k,,1001,116,-250.43153176746426,-93.15623141596656,9.940699926980567,0.038367640124178204,0.15112745769379113,0.2144115687141363,0.0888651936231787,0.0,true,false,false,false,false,0,1,1,28,0,0,0,offroad
dpw@1k,,1002,79,-207.83694010954028,-96.19477922946218,5.578595677928124,0.08502081301238534,0.11640904246359057,0.2854176195916812,0.07558264446298071,0.0,false,true,false,false,false,0,0,0,34,0,0,0,other_collision
dpw@1k,,1003,101,-253.22158397446418,-105.15050562171923,9.202303117051846,0.06858414731035944,0.17794072513314885,0.32123605971470415,0.09923232223665768,0.0,true,false,false,false,false,0,1,1,26,0,0,0,offroad
dpw@1k,,1004,80,-221.29714722709537,-106.3251226669106,5.528781986022149,0.10023833203105378,0.16769794065955032,0.3740535230758072,0.0762052578115174,0.0,false,true,false,false,false,0,0,0,35,0,0,0,other_collision
dpw@1k,,1005,107,-246.01490214103563,-94.3013385655521,9.91108447975628,0.04571738046393638,0.1498739505724396,0.2937461333292442,0.09831280717806021,0.0,true,false,false,false,false,0,1,1,24,0,0,0,offroad
dpw@1k,,1006,78,-211.59061810480313,-100.5204281912941,6.245680152772695,0.06606904342087416,0.1432555635720656,0.31725544724718296,0.08612391413835747,0.0,false,true,false,false,false,0,0,0,31,0,0,0,other_collision
dpw@1k,,1007,48,-191.8868208094315,-120.41985214749585,3.2659812179749244,0.07642403110708812,0.16945495729903456,0.30248217095625624,0.07157470069165617,0.0,true,false,false,false,false,1,0,0,26,0,0,0,offroad
dpw@1k,,1008,65,-202.43448983026502,-108.39455080895983,5.19373001506109,0.07812748999653134,0.16158545152157427,0.5022726218962631,0.09049778659579105,0.0,false,true,false,false,false,1,0,0,32,0,0,0,other_collision
dpw@1k,,1009,135,-251.18840482237454,-76.97965931728291,11.375316428612532,0.0645804286545485,0.13950921286701384,0.2897089555091848,0.08970360824110661,0.0,true,false,false,false,false,0,1,1,31,0,0,0,offroad
dpw@1k,,1010,150,-93.28760098830105,-46.68305964664296,13.408733391619123,0.09611671865106386,0.25,0.31478210197011924,0.09737025928602616,0.0,false,false,false,false,false,0,1,1,34,0,7,1,in_progress
dpw@1k,,1011,42,-202.15993023207548,-134.4155078808988,3.2386942311152938,0.06970864678566667,0.16154637602583222,0.2963514072749801,0.08156617696503002,0.0,true,false,false,false,false,0,0,0,23,0,0,0,offroad
dpw@1k,,1012,50,-196.40920987694665,-120.6968029783904,3.3424292697766282,0.06671777038646803,0.18350226978683176,0.49504257043449906,0.07638013427920352,0.0,true,false,false,false,false,1,0,0,23,0,0,0,offroad
dpw@1k,,1013,95,-220.84206582954232,-92.71981979259441,7.932190967967581,0.14586544706452587,0.25,0.4944153291066698,0.09832662704049074,0.0,true,false,false,false,false,0,0,0,0,0,0,0,offroad
dpw@1k,,1014,58,-204.31129213430816,-115.26491629046716,5.260154391111534,0.05862466808286247,0.1242152224930062,0.37922423592415877,0.09876101564876147,0.0,false,true,false,false,false,0,0,0,27,0,0,0,other_collision
dpw@1k,,1015,122,-249.94201420151828,-84.85095636370177,10.891222121910156,0.0633660392473629,0.1462968223216727,0.2887618583012434,0.09562701116108384,0.0,true,false,false,false,false,0,1,1,18,0,0,0,offroad
dpw@1k,,1016,108,-254.11362882663803,-100.16674651233573,9.646396184989825,0.06986357501853659,0.15116157113963227,0.3629046178546299,0.0973305720656583,0.0,true,false,false,false,false,0,1,1,22,0,0,0,offroad
dpw@1k,,1017,57,-205.76695562563933,-117.59348877680962,5.1590214525720945,0.05307497155929217,0.1480369674963553,0.2937803452707682,0.09737443618377982,0.0,false,true,false,false,false,0,0,0,24,0,0,0,other_collision
dpw@1k,,1018,68,-195.7169248541476,-101.38777027216075,5.2128767696529055,0.06780060852779066,0.13661073174250038,0.3114820715854844,0.08123710625131006,0.0,true,false,false,false,false,1,0,0,30,0,0,0,offroad
dpw@1k,,1019,47,-209.5049914413272,-132.08498334830432,3.24984333958519,0.04814165157861034,0.16353497580442958,0.5488751762095018,0.08318169626486627,0.0,true,false,false,false,false,0,0,0,21,0,0,0,offroad
dpw@1k,,1020,107,-221.3215279106203,-83.30345302823824,9.021803101889274,0.12552226737782549,0.25,0.43070634423014953,0.0949431596602399,0.0,true,false,false,false,false,0,0,0,0,0,0,0,offroad
mcts@1k,,1001,150,8.897808496670898,4.3327974893355705,15.993085876560496,0.04005731377467291,0.1131923307584788,0.20742612358058285,0.11015166172424344,0.24,false,false,false,false,false,0,0,0,0,0,7,1,in_progress
mcts@1k,,1002,150,10.62221490064154,5.6026107371093286,17.37046651780645,0.039075474769142436,0.08411662386098942,0.18495266941185035,0.12052820081990828,0.23333333333333334,false,false,false,false,false,0,0,0,0,0,7,1,in_progress
mcts@1k,,1003,150,15.422689654762708,11.350868091577285,16.908468898402393,0.10028022243144566,0.25,0.3005101500943,0.12049283527583109,0.23333333333333334,false,false,false,false,false,1,0,1,17,1,7,1,in_progress
mcts@1k,,1004,150,7.837518796518859,3.556722968125715,15.404369933761856,0.054316290179788826,0.13998422049571885,0.20713373349997538,0.10669302024238124,0.30666666666666664,false,false,false,false,false,0,0,0,0,0,7,1,in_progress
mcts@1k,,1005,150,2.505151248393183,2.8539709685364167,16.241180844901052,0.04360557850500321,0.15352842534872657,0.3122591658135186,0.11807883993941656,0.2733333333333333,false,false,false,false,false,0,0,0,0,1,7,1,in_progress
mcts@1k,,1006,150,3.851246806792574,2.3892564415263737,15.647204543855896,0.04647602718055622,0.14723529418981268,0.3021356348393694,0.11116301567111123,0.24,false,false,false,false,false,0,0,0,0,1,7,1,in_progress
mcts@1k,,1007,150,13.8933627664289,4.619822193723439,16.49942378525846,0.12723171649838358,0.25,0.27400124506285684,0.11779679411172528,0.25333333333333335,false,false,false,false,false,1,0,1,14,0,1,1,in_progress
mcts@1k,,1008,150,11.292293496731313,5.574615970608148,18.093342766930597,0.05246360747916544,0.115500067975212,0.18369273146661919,0.12475318602431804,0.18666666666666668,false,false,false,false,false,0,0,0,0,0,7,1,in_progress
mcts@1k,,1009,150,7.622990141121811,4.307758320883639,15.213198338598865,0.054844525502315944,0.1340515759453922,0.18303212646549896,0.10577726312403518,0.26,false,false,false,false,false,0,0,0,0,0,7,1,in_progress
mcts@1k,,1010,150,7.433513974653086,4.328171960195855,17.02349108431887,0.06562218597875344,0.1718864803279101,0.22160266707137222,0.11905721547735558,0.21333333333333335,false,false,false,false,false,0,0,0,0,0,7,1,in_progress
mcts@1k,,1011,150,8.807394806353926,8.293648030490674,14.915307982905304,0.13264475041664728,0.25,0.32173106722266887,0.10676509857845767,0.30666666666666664,false,false,false,false,false,1,0,1,28,0,7,1,in_progress
mcts@1k,,1012,150,9.135796381366458,4.954459240580881,17.131078159013246,0.047877073289606616,0.11190554833924149,0.22622684158337833,0.11921925392425559,0.26,false,false,false,false,false,0,0,0,0,0,7,1,in_progress
mcts@1k,,1013,150,7.818671447821036,2.892428297819111,15.831794826411576,0.15272571187792802,0.25,0.34422505712030144,0.11378698044082329,0.23333333333333334,false,false,false,false,false,1,0,0,16,0,7,1,in_progress
mcts@1k,,1014,150,-2.946835860477268,-3.0670944828660254,16.092477332885867,0.16571848683791887,0.25,0.24229661425602372,0.11510413978417053,0.22666666666666666,false,false,false,false,false,0,0,0,6,0,7,1,in_progress
mcts@1k,,1015,150,-1.6911768272227963,-0.1942040115657968,13.979231305664866,0.10751958669177876,0.24915177846702985,0.28640087278298854,0.09898233135770508,0.2866666666666667,false,false,false,false,false,0,0,0,0,1,7,1,in_progress
mcts@1k,,1016,150,5.734761898166378,3.0997197139803934,15.032857640352601,0.12979459488707673,0.25,0.37649203580876195,0.1116352380058621,0.2866666666666667,false,false,false,false,false,1,0,1,23,2,7,1,in_progress
mcts@1k,,1017,150,1.3230397055320329,0.8545501509544455,15.49746230763079,0.11586927483732556,0.25,0.24630359606149754,0.1089782850862063,0.23333333333333334,false,false,false,false,false,0,0,0,0,0,7,1,in_progress
mcts@1k,,1018,150,7.745407621225368,3.9051799894057617,14.141659134987359,0.05966364950834296,0.12176472807894267,0.18062435707283686,0.09654807378267077,0.32,false,false,false,false,false,0,0,0,0,0,7,1,in_progress
mcts@1k,,1019,150,9.16940386705105,4.257839685719431,17.29570682514567,0.0442992905136861,0.09130849807168491,0.22633650604486855,0.12073119876868103,0.24666666666666667,false,false,false,false,false,0,0,0,0,0,7,1,in_progress
mcts@1k,,1020,150,1.0331783253674454,0.5753576728844942,14.975570978470968,0.13740925969874931,0.25,0.21611372127345832,0.10416629642935804,0.23333333333333334,false,false,false,false,false,0,0,0,0,0,7,1,in_progress
q_learning,,1001,150,12.863788227311963,6.804015348802325,17.484562498901575,0.034736117485248894,0.0903748124268252,0.1523295805248408,0.11844215404571881,0.04666666666666667,false,false,false,false,false,0,0,0,0,5,7,1,in_progress
q_learning,,1002,150,12.659584866001973,6.957936094374017,17.615519425194215,0.030210771247852666,0.08038725691702771,0.16479585562957821,0.11923509799704,0.04666666666666667,false,false,false,false,false,0,0,0,0,5,7,1,in_progress
q_learning,,1003,150,37.938397764498994,22.96649690192423,25.849829493785265,0.03198802058626604,0.07924196654275226,0.09209012279926751,0.1734237996492098,0.06666666666666667,false,false,false,false,false,1,0,1,17,4,7,1,in_progress
q_learning,,1004,62,-205.4669404349968,-110.67088860121575,6.28708469355512,0.0871817944808433,0.25,0.40458443270775396,0.11489241331595185,0.25806451612903225,true,false,false,false,false,0,0,0,0,0,7,1,offroad
q_learning,,1005,150,12.009080218885092,6.4333861785375595,17.469817472638688,0.036485680502754324,0.09531302955159841,0.1747643466480114,0.11860922140296624,0.04666666666666667,false,false,false,false,false,0,0,0,0,5,7,1,in_progress
q_learning,,1006,150,11.334384370741132,5.831316084685137,16.611432072571844,0.04190702212856039,0.0893198003529665,0.17286627416943728,0.1128713657968616,0.04666666666666667,false,false,false,false,false,0,0,0,0,5,7,1,in_progress
q_learning,,1007,150,37.42464926239869,17.81528078320243,25.27149745361186,0.022003017243103776,0.05000719166773685,0.10320366761251815,0.16966450688226153,0.06666666666666667,false,false,false,false,false,1,0,1,18,4,7,1,in_progress
q_learning,,1008,150,12.049584828290113,6.222025823998855,17.33450931014615,0.03624980169783857,0.07825177208119757,0.17451520396246406,0.11764918357255373,0.04666666666666667,false,false,false,false,false,0,0,0,0,5,7,1,in_progress
q_learning,,1009,150,12.826584941186562,6.769738830295694,17.6288136310558,0.03423880654672358,0.07968003657000933,0.16495587204570247,0.11940215222744217,0.04666666666666667,false,false,false,false,false,0,0,0,0,5,7,1,in_progress
q_learning,,1010,150,13.100474048806564,6.868548590099742,17.654425361514257,0.03952612555139979,0.09037932685169209,0.1482676618900232,0.119402153274988,0.04666666666666667,false,false,false,false,false,0,0,0,0,5,7,1,in_progress
q_learning,,1011,150,37.35542623070216,23.269331032436813,25.112942718540516,0.019357825924219967,0.04584445114186897,0.10345527486233272,0.16856458468990257,0.06666666666666667,false,false,false,false,false,1,0,1,17,4,7,1,in_progress
q_learning,,1012,150,11.949697560607637,6.227692896167384,17.388810821181433,0.03631844618674235,0.08674326939874943,0.16438018192648104,0.11827508975674168,0.04666666666666667,false,false,false,false,false,0,0,0,0,5,7,1,in_progress
q_learning,,1013,150,36.839993321845306,14.957460464704479,24.81931753403848,0.024703665160001123,0.05733268480067399,0.10540101228380329,0.1666971887758107,0.06666666666666667,false,false,false,false,false,1,0,1,18,4,7,1,in_progress
q_learning,,1014,150,37.62753407054957,15.445372175876233,25.37584095048373,0.022693398250458293,0.04879807018353888,0.09782815470768291,0.17028675937195753,0.06666666666666667,false,false,false,false,false,1,0,1,18,5,7,1,in_progress
q_learning,,1015,150,13.443615553148025,7.219167680204637,17.71768461168387,0.03877415246173957,0.08471992488007914,0.14199339798752553,0.11955981083876224,0.04666666666666667,false,false,false,false,false,0,0,0,0,5,7,1,in_progress
q_learning,,1016,150,37.642798293190424,19.335639669908645,25.431443927621462,0.025100134447825127,0.052497779195138206,0.09196029175469493,0.17067533202292032,0.06666666666666667,false,false,false,false,false,1,0,1,15,5,7,1,in_progress
q_learning,,1017,150,37.613677900799296,15.518193298094946,25.740213913213484,0.02568697212550628,0.07429058899858319,0.10498348831584971,0.17301127237866304,0.06666666666666667,false,false,false,false,false,1,0,1,16,4,7,1,in_progress
q_learning,,1018,150,12.68406669346251,5.949629894887823,17.63258965242379,0.03771197797526389,0.08621817427836184,0.16591702742236922,0.11952721220320316,0.04666666666666667,false,false,false,false,false,0,0,0,0,5,7,1,in_progress
q_learning,,1019,150,12.323449576031694,6.563157214138643,17.31889106034918,0.03897336172139461,0.08338264862284951,0.16725695305714486,0.11737995925126093,0.04666666666666667,false,false,false,false,false,0,0,0,0,5,7,1,in_progress
q_learning,,1020,150,38.29735694169143,15.814971408857373,25.865690795304598,0.020009291461754498,0.04675363591205269,0.09185700673445317,0.17344923518855804,0.06666666666666667,false,false,false,false,false,1,0,1,17,5,7,1,in_progress
sac,,1001,150,3.520323443554325,6.482589424766305,14.662183299296057,0.07317866442860689,0.13588279870451592,0.12642621174417404,0.09913146993378924,0.0,false,false,false,false,false,1,0,1,26,5,7,1,in_progress
sac,,1002,150,6.4979418105195075,6.918939729326716,15.161649239338319,0.06216366791590994,0.10549824651670237,0.10167235277273995,0.10199311282526745,0.0,false,false,false,false,false,1,0,1,24,5,7,1,in_progress
sac,,1003,150,-46.39275255933149,-21.750714755578617,12.057980396526556,0.027225964970785395,0.06299728622583145,0.10891229297112559,0.08105258533912034,0.0,false,false,false,false,false,0,1,1,52,5,7,1,in_progress
sac,,1004,150,5.959122727175815,6.64594650410574,15.033066928750742,0.06328183304584666,0.11257431425293837,0.10884630121491433,0.10123019016439255,0.0,false,false,false,false,false,1,0,1,26,5,7,1,in_progress
sac,,1005,150,3.9094373642802687,6.504374293784542,14.741081938545564,0.06851848057021463,0.13019196990600432,0.13238772356849904,0.09981663752857592,0.0,false,false,false,false,false,1,0,1,26,5,7,1,in_progress
sac,,1006,150,0.9971372817119748,1.5610955468149708,13.844097456274211,0.04623024928233499,0.07559685395103184,0.13570278337960195,0.09366800506634246,0.0,false,false,false,false,false,1,0,1,23,5,7,1,in_progress
sac,,1007,150,3.7316160788990578,6.655687151922819,14.704756480098766,0.07437548196526295,0.13937549156699772,0.12890840722337746,0.09954684140908901,0.0,false,false,false,false,false,1,0,1,25,5,7,1,in_progress
sac,,1008,150,5.90841972749976,6.3711052538733295,15.152312703638332,0.05923846743003549,0.10931957050176214,0.1167212725585157,0.10211276819239956,0.0,false,false,false,false,false,1,0,1,24,5,7,1,in_progress
sac,,1009,150,8.317534389494721,8.215593980640621,14.963779004190709,0.06063629725627624,0.10239242864742379,0.08277513970469974,0.1003314897969567,0.0,false,false,false,false,false,1,0,1,22,5,7,1,in_progress
sac,,1010,150,3.986755757271972,6.713247113057262,14.771787403746803,0.07173423019491214,0.1346159883239729,0.13174240222712535,0.10004131085291564,0.0,false,false,false,false,false,1,0,1,25,5,7,1,in_progress
sac,,1011,150,-47.27723333233348,-21.702304637227886,11.377924831593456,0.03374246215328095,0.06831879802444056,0.11865896836761305,0.07664194024669586,0.0,false,false,false,false,false,0,1,1,55,5,7,1,in_progress
sac,,1012,150,4.74603018157815,6.8218504680021335,15.0853139527171,0.0625420580512775,0.11604960688065805,0.12116343708189814,0.10183593144693168,0.0,false,false,false,false,false,1,0,1,25,5,7,1,in_progress
sac,,1013,150,5.57668136465325,6.573915647130552,15.038367731198218,0.06261593172468174,0.11517653256732074,0.12167583713043591,0.10149496477333941,0.0,false,false,false,false,false,1,0,1,26,5,7,1,in_progress
sac,,1014,150,5.386504031708098,6.189348543127574,15.12465144523385,0.06358636597110286,0.11479998911201163,0.11155849453547118,0.10184851207507498,0.0,false,false,false,false,false,1,0,1,25,5,7,1,in_progress
sac,,1015,150,5.356393435452397,5.474223667143016,14.868682120116613,0.05188913443115155,0.07172737765241188,0.08245166311104356,0.09973543455900719,0.0,false,false,false,false,false,1,0,1,24,5,7,1,in_progress
sac,,1016,150,5.856590329528596,7.306661668349813,15.041950133425601,0.06336674698638901,0.10454084332721722,0.10509640121554548,0.10119292419619777,0.0,false,false,false,false,false,1,0,1,24,5,7,1,in_progress
sac,,1017,150,5.77137395358733,7.207143715025612,15.04902195908828,0.06436492679317839,0.11603860148024205,0.1174344544467334,0.10145099821621276,0.0,false,false,false,false,false,1,0,1,26,5,7,1,in_progress
sac,,1018,150,7.2236277156277895,7.551578424548103,14.94439483983088,0.0550319095827825,0.08332499600452761,0.08955564065734432,0.10035094918979649,0.0,false,false,false,false,false,1,0,1,24,5,7,1,in_progress
sac,,1019,150,4.378148622169692,6.693512646813634,14.866979266786934,0.06525727857975215,0.12105062516286762,0.1259221947935081,0.10046009180302791,0.0,false,false,false,false,false,1,0,1,26,5,7,1,in_progress
sac,,1020,150,-19.821190440738174,-17.429080856665305,13.971693351048751,0.06218395111038608,0.1189995736398627,0.17492850509957053,0.09504863579383602,0.0,false,false,false,false,false,1,0,1,26,5,7,1,in_progress
sarsa,,1001,150,12.863788227311963,6.804015348802325,17.484562498901575,0.034736117485248894,0.0903748124268252,0.1523295805248408,0.11844215404571881,0.04666666666666667,false,false,false,false,false,0,0,0,0,5,7,1,in_progress
sarsa,,1002,150,12.659584866001973,6.957936094374017,17.615519425194215,0.030210771247852666,0.08038725691702771,0.16479585562957821,0.11923509799704,0.04666666666666667,false,false,false,false,false,0,0,0,0,5,7,1,in_progress
sarsa,,1003,150,37.938397764498994,22.96649690192423,25.849829493785265,0.03198802058626604,0.07924196654275226,0.09209012279926751,0.1734237996492098,0.06666666666666667,false,false,false,false,false,1,0,1,17,4,7,1,in_progress
sarsa,,1004,47,-199.76891522994106,-125.12067081923881,6.199957647296842,0.05028810135117054,0.25,0.2984407122269408,0.15058043143836997,0.02127659574468085,true,false,false,false,false,0,0,0,0,0,7,1,offroad
sarsa,,1005,150,12.009080218885092,6.4333861785375595,17.469817472638688,0.036485680502754324,0.09531302955159841,0.1747643466480114,0.11860922140296624,0.04666666666666667,false,false,false,false,false,0,0,0,0,5,7,1,in_progress
sarsa,,1006,150,11.334384370741132,5.831316084685137,16.611432072571844,0.04190702212856039,0.0893198003529665,0.17286627416943728,0.1128713657968616,0.04666666666666667,false,false,false,false,false,0,0,0,0,5,7,1,in_progress
sarsa,,1007,150,37.42464926239869,17.81528078320243,25.27149745361186,0.022003017243103776,0.05000719166773685,0.10320366761251815,0.16966450688226153,0.06666666666666667,false,false,false,false,false,1,0,1,18,4,7,1,in_progress
sarsa,,1008,150,12.186768847644432,6.38539789901259,17.189201894792483,0.03522117440312893,0.0897162060256555,0.1657198350806863,0.11652210626073217,0.04666666666666667,false,false,false,false,false,0,0,0,0,5,7,1,in_progress
sarsa,,1009,150,12.826584941186562,6.769738830295694,17.6288136310558,0.03423880654672358,0.07968003657000933,0.16495587204570247,0.11940215222744217,0.04666666666666667,false,false,false,false,false,0,0,0,0,5,7,1,in_progress
sarsa,,1010,150,13.100474048806564,6.868548590099742,17.654425361514257,0.03952612555139979,0.09037932685169209,0.1482676618900232,0.119402153274988,0.04666666666666667,false,false,false,false,false,0,0,0,0,5,7,1,in_progress
sarsa,,1011,150,37.35542623070216,23.269331032436813,25.112942718540516,0.019357825924219967,0.04584445114186897,0.10345527486233272,0.16856458468990257,0.06666666666666667,false,false,false,false,false,1,0,1,17,4,7,1,in_progress
sarsa,,1012,150,11.949697560607637,6.227692896167384,17.388810821181433,0.03631844618674235,0.08674326939874943,0.16438018192648104,0.11827508975674168,0.04666666666666667,false,false,false,false,false,0,0,0,0,5,7,1,in_progress
sarsa,,1013,150,36.839993321845306,14.957460464704479,24.81931753403848,0.024703665160001123,0.05733268480067399,0.10540101228380329,0.1666971887758107,0.06666666666666667,false,false,false,false,false,1,0,1,18,4,7,1,in_progress
sarsa,,1014,150,37.62753407054957,15.445372175876233,25.37584095048373,0.022693398250458293,0.04879807018353888,0.09782815470768291,0.17028675937195753,0.06666666666666667,false,false,false,false,false,1,0,1,18,5,7,1,in_progress
sarsa,,1015,150,13.443615553148025,7.219167680204637,17.71768461168387,0.03877415246173957,0.08471992488007914,0.14199339798752553,0.11955981083876224,0.04666666666666667,false,false,false,false,false,0,0,0,0,5,7,1,in_progress
sarsa,,1016,150,37.642798293190424,19.335639669908645,25.431443927621462,0.025100134447825127,0.052497779195138206,0.09196029175469493,0.17067533202292032,0.06666666666666667,false,false,false,false,false,1,0,1,15,5,7,1,in_progress
sarsa,,1017,150,37.613677900799296,15.518193298094946,25.740213913213484,0.02568697212550628,0.07429058899858319,0.10498348831584971,0.17301127237866304,0.06666666666666667,false,false,false,false,false,1,0,1,16,4,7,1,in_progress
sarsa,,1018,150,12.68406669346251,5.949629894887823,17.63258965242379,0.03771197797526389,0.08621817427836184,0.16591702742236922,0.11952721220320316,0.04666666666666667,false,false,false,false,false,0,0,0,0,5,7,1,in_progress
sarsa,,1019,150,12.323449576031694,6.563157214138643,17.31889106034918,0.03897336172139461,0.08338264862284951,0.16725695305714486,0.11737995925126093,0.04666666666666667,false,false,false,false,false,0,0,0,0,5,7,1,in_progress
sarsa,,1020,150,38.29735694169143,15.814971408857373,25.865690795304598,0.020009291461754498,0.04675363591205269,0.09185700673445317,0.17344923518855804,0.06666666666666667,false,false,false,false,false,1,0,1,17,5,7,1,in_progress
td3,,1001,150,-242.04181912097815,-91.53327652336868,3.2742986176912057,0.03151410254891661,0.04774380604510809,0.1304265159336517,0.022223118092526882,0.02666666666666667,false,false,false,false,false,1,0,0,127,0,0,0,in_progress
td3,,1002,150,-210.42543684464243,-74.36083636692649,5.224652750503158,0.033916744300977346,0.04724027569902145,0.11420371199291549,0.03515049981569948,0.03333333333333333,false,false,false,false,false,1,0,0,110,0,0,0,in_progress
td3,,1003,150,-230.96935919765315,-85.89329230480192,3.4371349910424995,0.032209675670372195,0.04510728069854154,0.13338520468878054,0.023340209501097164,0.02666666666666667,false,false,false,false,false,1,0,0,123,0,0,0,in_progress
td3,,1004,150,-215.208312846234,-77.86975097120393,5.308121736600592,0.03837224820659831,0.050073958710293895,0.10441411982931538,0.035628570310588775,0.03333333333333333,false,false,false,false,false,1,0,0,110,0,0,0,in_progress
td3,,1005,150,-213.5619050889522,-74.82198916193694,4.080819146626401,0.02905853747152376,0.044460726894896656,0.13151099499431387,0.02763256928780051,0.02666666666666667,false,false,false,false,false,1,0,0,115,0,0,0,in_progress
td3,,1006,150,-172.6880325191671,-56.05443447782183,5.922929704899953,0.02727686159075842,0.059482714876592596,0.13824962374234703,0.0400496503051453,0.02666666666666667,false,false,false,false,false,1,0,0,99,0,0,0,in_progress
td3,,1007,150,-221.24758032723662,-79.3632738748119,3.517461897850883,0.03023494511059542,0.04324579597181047,0.14064432796446075,0.02387638314722398,0.02666666666666667,false,false,false,false,false,1,0,0,123,0,0,0,in_progress
td3,,1008,150,-187.50305145089845,-61.18890241372451,5.4507827153815445,0.025144769688581616,0.044342128610393466,0.1320999974451675,0.03685601262302143,0.02666666666666667,false,false,false,false,false,1,0,0,105,0,0,0,in_progress
td3,,1009,150,-213.79615407237358,-75.95350892542578,5.127846711412653,0.04050094204408654,0.06660381200086857,0.1064545252539307,0.03448770895822774,0.02666666666666667,false,false,false,false,false,1,0,0,111,0,0,0,in_progress
td3,,1010,150,-216.08255576563627,-76.43792559680332,3.768867137251119,0.03201437995271266,0.04664654021875658,0.14051684265313466,0.02560576918467647,0.02666666666666667,false,false,false,false,false,1,0,0,120,0,0,0,in_progress
td3,,1011,150,-259.7136720413697,-103.97834481894343,2.971650173660995,0.03748296563810721,0.05037112618187901,0.11338412482454721,0.020032195117269853,0.03333333333333333,false,false,false,false,false,1,0,0,131,0,0,0,in_progress
td3,,1012,150,-216.7510052208977,-76.65774434437108,4.174017729876618,0.02796008615915776,0.04493890759543888,0.13544682420866616,0.02832349958342809,0.02666666666666667,false,false,false,false,false,1,0,0,116,0,0,0,in_progress
td3,,1013,150,-195.21441192597675,-65.12169170174936,5.0647997097692805,0.02438360302162941,0.04164387959689361,0.14409793252466338,0.03428132454770991,0.02666666666666667,false,false,false,false,false,1,0,0,111,0,0,0,in_progress
td3,,1014,150,-211.1519231568349,-74.38928739818859,4.833965002976028,0.034727552252317787,0.048398585625964025,0.10561183061703695,0.03246216735583352,0.03333333333333333,false,false,false,false,false,1,0,0,112,0,0,0,in_progress
td3,,1015,150,-222.46003434331683,-80.73980586767094,4.854778633855348,0.04375273401780546,0.06363619178919747,0.10295934204463442,0.032593768476071115,0.02666666666666667,false,false,false,false,false,1,0,0,114,0,0,0,in_progress
td3,,1016,150,-223.61749965410277,-81.62331712236812,4.0264080672233336,0.035778092251060496,0.048762533594999345,0.10897272156597228,0.02705751229584691,0.02666666666666667,false,false,false,false,false,1,0,0,117,0,0,0,in_progress
td3,,1017,150,-214.66046298549452,-75.22321411920198,4.52440174795812,0.03304060486479215,0.049107872077504625,0.11904201105289366,0.03048776436834564,0.02666666666666667,false,false,false,false,false,1,0,0,115,0,0,0,in_progress
td3,,1018,150,-216.90143011036523,-77.8437332352936,4.6970852857466285,0.0445306774526704,0.05263101562352811,0.1038846888989026,0.03153798202680478,0.03333333333333333,false,false,false,false,false,1,0,0,112,0,0,0,in_progress
td3,,1019,150,-218.71973592722782,-77.87889780358257,4.157791910671148,0.028460415562166577,0.046775562443875485,0.13578762807858435,0.028201595296829265,0.02666666666666667,false,false,false,false,false,1,0,0,117,0,0,0,in_progress
td3,,1020,150,-172.95195516656696,-54.39595622403845,5.262520026776401,0.02970051309590613,0.07230307353431126,0.14087039467870588,0.035676377467024935,0.02666666666666667,false,false,false,false,false,1,0,0,101,0,0,0,in_progress
